"髪型ID","参照番号","収集回","出典URL","サイト名","確認日","参考元の年齢","子どもに現実的か","子ども向けに控える点","写っている方向","トップ・長さ","前髪","耳まわり","刈り上げ","襟足","毛流れ・質感","利用規約の確認","使い方","根拠・検証メモ","記録者"
"veryshort","1","1","https://www.chokkins.com/choki-tomo/4544/","チョッキンズ（こども専門美容室）チョキ友","2026-09-27","幼児","はい","—","正面・横・後ろ・斜め（ページには写真5枚とあるが、画像そのものは見ていない）","短め","まゆ上・自然（ナチュラル）","出す（耳まわりはすっきりめ）","バリカンを使用。高さとミリ数は不明","短め（すっきりめ）","ナチュラル","未確定（規約ページなし、または禁止の明文が見つからない）","特徴調査の参考のみ（公開素材・生成元にしない）","年齢メモ：未就学児（ページには5歳と記載） ／ 根拠：スタイリストのコメント（耳まわりと襟足はすっきりめ、前髪はまゆ上でナチュラル）の文章による。画像は見ていない ／ 検証：『バリカンを使用』は、本文の『バリカンできるようになったから思いきって短く』による（どこに当てたかは不明）。対象は5歳の未就学児で、小学生ではない点を明記すること","収集・検証ワークフロー（AI）"
"natural","1","1","https://www.chokkins.com/choki-tomo/4568/","CHOKKIN'S（こども専門美容室チョッキンズ）チョキ友","2026-09-27","不明（子ども）","はい","—","正面、横（2枚）","ふつう。トップに少し動きのある丸いシルエットで、横から見ると後頭部まで丸く、耳の上で重さが段になって張り出す（マッシュ寄り）","まゆ毛くらい〜ややまゆ上。自然におろし、毛先はギザギザと軽い","出す（耳全体が見える。重さのラインは耳の上）","なし〜低め（耳まわりと襟足の下の部分は短く、なじませている。はっきりした刈り上げの線はない）","短め（首すじに沿ってすっきり）","ストレートで自然な毛流れ。分け目なし。毛先はすいて軽い","未確定（規約ページなし、または禁止の明文が見つからない）","特徴調査の参考のみ（公開素材・生成元にしない）","年齢メモ：小学生男子（低学年くらい。年齢の記載なし） ／ 根拠：ページの文章には髪型の具体的な説明がない（感想のみ）。特徴はブラウザでページ上の写真3枚を実際に見て確認した ／ 検証：subjectAge「小学生男子（低学年くらい）」は確かめられない。年齢の記載はなく、写真では未就学〜低学年くらいに見える。「男の子（年齢不明、未就学〜低学年くらい）」と書くのが正確。ほかの特徴（前髪はまゆ毛くらい、横から見ると丸いマッシュ寄り、耳全体が見える、襟足は短め）はブラウザで写真を見て合っていた。本文は来店の感想だけで、髪型の説明はない。","収集・検証ワークフロー（AI）"
"natural","2","1","https://goochoki.com/haircatalog/3444/","FAST KID'S HAIR GooCHOKI ヘアカタログ","2026-09-27","幼児（6歳）","はい","—","正面、斜め、横（カルーセル4枚のうち3枚を確認）","ふつう〜やや短め。丸みを残したショート","まゆ上（まゆ毛より少し短い）。左右で長さを変えたラウンド前髪（アシメ）で自然におろす","出す（説明文に「お耳だし」とあり、写真でも耳全体が見える）","低め（耳まわりと襟足の下の部分は短くなじませている。はっきりした境界は見えない）","短め","ストレートでやや毛先に動きあり。分け目なし","未確定（規約ページなし、または禁止の明文が見つからない）","特徴調査の参考のみ（公開素材・生成元にしない）","年齢メモ：小学生男子（タグは「6歳以上」） ／ 根拠：説明文「ナチュラルなお耳だし」「アシメのラウンドの前髪」「丸みのあるショート」と、ブラウザで写真を実際に見て確認した。ほかのナチュラルショート（/haircatalog/3441/, /3439/。どちらも2〜5歳）の説明文にも「お耳だし」「前髪は眉上」とある ／ 検証：カルーセルの4枚目は真後ろの写真。後頭部は丸く、襟足は短くすっきりしている。gapsの「真後ろは確認できなかった」は、このページについては誤り。トップは毛先に少しツンとした動きがあり、横の写真では耳まわりが短く刈られている。","収集・検証ワークフロー（AI）"
"sidepart","1","1","https://www.chokkins.com/choki-tomo/1092/","CHOKKIN'S（こども専門美容室チョッキンズ）チョキ友","2026-09-27","不明（子ども）","はい","—","斜め前、横","ふつう。トップを横〜後ろへ流してなでつけた形","上げる（前髪をおろさず、分け目から横〜上に流して額を出す）","出す","中くらい（ツーブロック。サイドはこめかみの高さまで短く、上の髪をかぶせている）。文章では「バリカンをやや自然に入れ、ハードすぎず」","短め","七三の分け目がはっきり。ツヤのあるなでつけた質感","未確定（規約ページなし、または禁止の明文が見つからない）","特徴調査の参考のみ（公開素材・生成元にしない）","年齢メモ：小学生男子（年齢の表記は記録しない。見た目は低〜中学年くらい） ／ 根拠：文章に「前髪を上げた、ツーブロックの七三スタイル」「バリカンを、やや自然に入れ」とあり、ブラウザで写真（斜め前・横）を実際に見て確認した ／ 検証：ページには6歳と書かれている。subjectAge「見た目は低〜中学年くらい」は「6歳（未就学〜小1相当）」に直す。名前（イニシャル）は記録しないままでよい。写真はブラウザで見て3枚確認した（斜め前2枚・横）。前髪を上げた七三、サイドはこめかみまで短いツーブロック、耳を出す、なでつけた質感で、記録と合っていた。","収集・検証ワークフロー（AI）"
"sidepart","2","1","https://goochoki.com/haircatalog/2185/","FAST KID'S HAIR GooCHOKI ヘアカタログ","2026-09-27","幼児（6歳）","はい","—","正面、斜め（カルーセル4枚のうち2枚を確認）","ふつう。トップは分け目から反対側へ流し、少し立ち上げる","上げて横に流す（額が見える）","出す","低め〜中くらい（耳まわりから下は短く刈り、上の髪を少しかぶせる）","不明（後ろは見ていない）","片側にはっきりした分け目（七三）","未確定（規約ページなし、または禁止の明文が見つからない）","特徴調査の参考のみ（公開素材・生成元にしない）","年齢メモ：小学生男子（タグは「6歳以上」） ／ 根拠：説明文がない（タイトルとタグだけ）。特徴はブラウザで写真2枚（正面・斜め）を実際に見て確認した。同じサイトの「サイドツーブロ」（/haircatalog/3419/、2〜5歳）の説明文には「両サイドツーブロック、襟足もバリカン」「前髪はなだらかに流れる」とある ／ 検証：nape「不明」は直せる。カルーセルの3枚目が真後ろ、4枚目が横の写真で、襟足は刈り上げて短く、上の髪をかぶせたツーブロックの段がはっきり見える。fade は「低め〜中くらい、境目は比較的はっきり」と書くのが正確。","収集・検証ワークフロー（AI）"
"centerpart","1","1","https://www.chokkins.com/choki-tomo/3915/","CHOKKIN'S（こども専門美容室チョッキンズ）チョキ友","2026-09-27","不明（子ども）","はい","—","正面、横、斜め後ろ（5枚）","ふつう〜長め。トップに重さを残した丸いマッシュ寄りのシルエットで、上の髪が耳の上にかぶる","まゆ毛くらい〜まゆ下（目にはかからない）。まん中で分け、左右へカーブを描いて流す","出す（横の写真では耳全体が見える）","低め（耳まわりと襟足は短く、なじませている）","短め","まん中の分け目から左右にやわらかく流れる毛流れ。ストレート","未確定（規約ページなし、または禁止の明文が見つからない）","特徴調査の参考のみ（公開素材・生成元にしない）","年齢メモ：小学生になる前〜低学年くらいの男の子（年齢の表記は記録しない） ／ 根拠：文章に「毛流れセンターパート」とあり、ブラウザで写真（正面・横・斜め後ろ）を実際に見て確認した ／ 検証：ページには6歳と書かれている（subjectAge「小学生になる前〜低学年くらい」は妥当）。本文に「前髪はおろして目に入らないくらいの長さ」とあり、前髪の記録と合う。写真はほぼ正面・横・斜めで、真後ろに近い角度ははっきりしない（「斜め後ろ」は横寄り）。","収集・検証ワークフロー（AI）"
"centerpart","2","1","https://goochoki.com/haircatalog/3038/","FAST KID'S HAIR GooCHOKI ヘアカタログ","2026-09-27","幼児（6歳）","はい","—","斜め、正面（カルーセル4枚のうち2枚を確認）","長め。重さのある前髪とトップ","まゆ下〜目の高さ。まん中で分け、左右の毛先は目じり〜ほおの上あたりまで流れる","半分かかる〜出す（正面では耳の上を髪が少し覆い、斜めでは耳が見える）","低め（重さのラインの下を短くしたツーブロック風）","不明（後ろは見ていない）","センターパート。少し毛束感とウェット感あり","未確定（規約ページなし、または禁止の明文が見つからない）","特徴調査の参考のみ（公開素材・生成元にしない）","年齢メモ：小学生男子（タグは「6歳以上」） ／ 根拠：説明文は「アイドル風センターパート」だけ。特徴はブラウザで写真2枚を実際に見て確認した。同じサイトの「毛流れセンターパート」（/haircatalog/3414/、2〜5歳）の説明文には「サイド・バックは6ミリで刈り上げ」「前髪は下ろすと眉上くらい」とある ／ 検証：nape「不明」は直せる。カルーセルの4枚目が真後ろの写真で、重いトップの下の襟足は刈り上げて短く、ツーブロックの段がはっきりしている。1枚目は横の写真で、耳が見え、耳の上から下が短く刈られている。","収集・検証ワークフロー（AI）"
"centerpart","3","1","https://www.alpha-cutman.com/blog_detail?actual_object_id=504","美容室ナスカ（alpha-cutman.com）ブログ","2026-09-27","不明（子ども）","はい","—","斜め前、斜め後ろ","長め。重さのあるトップで、上の髪が下の短い部分にかぶる","まゆ下〜目の高さ。まん中で分け、左右に流す。本文では「前髪をおろしても大丈夫なように」カットしている","出す","低め〜中くらい（本文に「ツーブロックを入れ後ろも刈り上げる」とあり、写真でも重さのラインの下が短い）","短め（刈り上げ）","まん中の分け目から左右に流れるストレート。ツヤあり","未確定（規約ページなし、または禁止の明文が見つからない）","特徴調査の参考のみ（公開素材・生成元にしない）","年齢メモ：小学生男子（本文に小学四年生とある） ／ 根拠：本文の説明と、ブラウザで記事上部の写真2枚を実際に見て確認した。ページ下部の画像にはほかの記事のものが混じっている可能性がある ／ 検証：記事は2018年のもの。写真1枚目（斜め前）では前髪を左右に分けて流している。2枚目は後ろ寄りの斜めで、トップの重さの下が刈り上げで短く、襟足も短い。どちらも記録と合う。「ページ下部の画像にほかの記事のものが混じっている可能性」は、記事本体の2枚には当てはまらない。","収集・検証ワークフロー（AI）"
"longmash","1","1","https://www.chokkins.com/choki-tomo/1217/","チョッキンズ（こども専門美容室）","2026-09-27","幼児（6歳）","はい","—","正面・後ろ・斜め後ろ","長め（タグは「男の子 ミディアム」）。全体に丸いボブ寄りのマッシュで、トップは頭の形に沿って丸い","まゆ毛くらい〜まゆに少しかかる。目にはかからない。ほぼそろえた重めの前髪で、毛先はやや自然","かくす（サイドの髪がまるく耳をおおう）","なし（後ろ姿で刈り上げは見えない）","長め。首の上部まで髪がかかり、毛先は内側へ丸くおさまる","ストレートで重めのまとまり、後ろは丸いボブライン。分け目なし","未確定（規約ページなし、または禁止の明文が見つからない）","特徴調査の参考のみ（公開素材・生成元にしない）","年齢メモ：小学生男子（6歳・もうすぐ小学生と記載） ／ 根拠：ブラウザでページの画像を実際に見て確認（正面・後ろ・斜め後ろ）。本文には「長めのマッシュスタイル」、タグは男の子・ミディアム。本文にある子どもの名前は記録していない ／ 検証：subjectAge は「小学生男子」ではなく「6歳・もうすぐ小学生（小学校入学前）」と直す。本文は「長めのマッシュスタイル」のみで、写真は5枚ある（記録では3方向）。前髪・耳・襟足の細かい特徴は画像から判断したもので、今回のWebFetch（文章だけ）では確かめられていない","収集・検証ワークフロー（AI）"
"sports","1","2","https://www.cut-space-k.jp/posts/7300133/","カットスペース・K（横浜市港南区の理容室）","2026-09-27","小学生","はい","そのまま10歳前後に現実的。控える点はスタイリング剤による艶・束感（標準形はノーセットの自然な状態で描く）。まゆを整える処理も描かない","斜め後ろ・後ろ（真上寄り）。正面は前髪の一部だけ","ふつう〜短め。トップは3〜4cm前後に見え、頭の丸みに沿ってつむじから前方向へ寝る。高さは控えめ","短め〜まゆ上。前に下ろして、ややななめに流す（本文）","出す（耳まわりはすっきり刈られ、耳に髪がかからない）","中くらい、なじませる。サイド・後ろはこめかみ〜はちの少し下までバリカンで短く、上の長さへ段なくつながる。地肌が白く出るほどのフェードではない（本文でもやんちゃなフェード感を避けたとある）","短め。襟足は首筋に沿って短く刈られ、自然に細くなる","毛先は細かい束感。スタイリング剤（グリース）で流れと艶を足している。分け目はなし、つむじから放射状","未確定（規約ページなし、または禁止の明文が見つからない）","特徴調査の参考のみ（公開素材・生成元にしない）","年齢メモ：本文に「もうすぐキッズ卒業な男の子」、カテゴリ「キッズカット／小学生」、タグ「小学生」。高学年と思われる ／ 根拠：ブラウザでページの写真（斜め後ろ・後ろ・前髪の一部）を実際に見て確認。前髪をななめに流す点と艶出しは本文から ／ 検証：本文で確認できたのは、小学生（キッズ卒業間近）、前髪をややななめに流す、フェード感を避けたカット、グリースで流れと束感、眉を自然に整える点。トップ3〜4cm・刈り上げの高さ・襟足の形は本文になく、写真からの判断（検証側は写真を見ておらず、文章でだけ照合）。","収集・検証ワークフロー（AI）"
"sports","2","2","https://tokoya.biz/hairstyle/%E6%96%B0%E3%80%82%E3%82%B9%E3%83%9D%E3%83%BC%E3%83%84%E5%88%88%E3%82%8A/","ヘアーステーション貴（佐賀県神埼市の理容室）","2026-09-27","中高生","はい","構造（トップを残して周りを短く、耳出し）は10歳に現実的。控える点はトップの強い立ち上がり・ツンツン感と、大人例のワックス仕上げやカラー。子ども向けにはトップを寝かせ、丸く見せる","斜め後ろ（中高生の例）、横〜斜め（大人の例）","ふつう。トップと前髪、つむじまわりを長めに残し、毛先を不ぞろいに切って自然に立つ質感","短め〜まゆ上。自然に下ろし、毛先は不ぞろい","出す","中くらい、なじませる。本文では横は中段まで・後ろは低めに刈り上げ（大人例は3mm）。中高生例はハサミのみで横と後ろを厚めに短くしたと記載","短め","毛先がばらばらのツンツンした質感。中高生例はノーセットでも立つように切っている","未確定（規約ページなし、または禁止の明文が見つからない）","特徴調査の参考のみ（公開素材・生成元にしない）","年齢メモ：確認した写真は画像説明に「新。スポーツ刈り中学生／高校生」とある中高生の例。同ページに大人（20〜40代）の例もある ／ 根拠：ブラウザで中高生例（斜め後ろ）と大人例（横）の写真を実際に見て確認。刈り上げの高さ（横は中段・後ろは低め）とハサミ仕上げは本文から ／ 検証：3mmは大人の例に限らず、このスタイル全体の刈り上げ（横は中段、後ろは低め）として書かれている。中高生向けの説明は、スタイリング剤禁止の学校を想定し、汗で濡れても形になる設計。ページには大人向けのワックスやジェル、白髪染めやカラーの例も並ぶ。","収集・検証ワークフロー（AI）"
"sports","3","2","https://note.com/ishikawahideki/n/ne48a87020388","note（美容室ブーケブランの記事）","2026-09-27","大人","はい","9mmの刈り上げ＋上は段カットという構造は子どもにも現実的。記事には子どもカットのタグもある。控える点は特になし","不明（写真は多数あるが、ページ上で1枚ずつは見ていない）","ふつう。はちより上に長さを残し、後ろからつむじへ段（レイヤー）を入れて丸くする","長さは不明。最初は仕上がりより少し長めにまっすぐ切り、あとで段を入れて軽くする","出す（耳まわりも刈り上げる）","中くらい、はっきり寄り。サイドははち、後ろは後頭部の出っ張りの位置で分け、その下を9mmで刈る。手順1ではなじませる工程の記載なし","短め","段を入れて軽く自然に。セット剤の記載なし","未確定（規約ページなし、または禁止の明文が見つからない）","特徴調査の参考のみ（公開素材・生成元にしない）","年齢メモ：タイトルが「大人のスポーツ刈り編」。セルフカットの手順記事 ／ 根拠：ページの文章から。写真は画像があることだけ確認し、仕上がりの写真は見ていない ／ 検証：『子どもカットのタグがある』は本文を取得しても確認できず、根拠にしない。前髪を含む上の部分は、刈り上げの線に沿って前から後ろへまっすぐ切り、そのあと後ろからつむじへ段を入れる。これは記録と一致する。","収集・検証ワークフロー（AI）"
"buzz","1","2","https://www.cut-space-k.jp/posts/%e9%95%b7%e3%82%81%e3%81%ae%e4%b8%b8%e5%88%88%e3%82%8a-%e5%9d%8a%e4%b8%bb-%e3%83%90%e3%82%ba%e3%82%ab%e3%83%83%e3%83%88/","カットスペース・K（横浜市港南区の理容室）","2026-09-27","大人","はい","フェードなしの長めボウズは10歳でも現実的。控える点は特になし。子ども向けにはトップ9〜12mm程度に短くしてよい","横・斜め後ろ","とても短め。トップ15mm、頭の形に沿った丸いシルエット","ほぼなし（はえぎわは自然）","出す","低め、なじませる。サイド9mmで、フェードにはせず厚みを残す。地肌は目立たない","短め。耳まわりと襟足はハサミで整えている（本文）","全体が均一な短い毛。分け目なし","未確定（規約ページなし、または禁止の明文が見つからない）","特徴調査の参考のみ（公開素材・生成元にしない）","年齢メモ：白髪の見える大人の男性 ／ 根拠：ブラウザでページの写真（横・斜め後ろ）を実際に見て確認。ミリ数とハサミで整える点は本文から ／ 検証：なし。トップ15mm・サイド9mm、フェードにせず厚みを残す、耳まわりと襟足はハサミで整える、が本文と一致する。","収集・検証ワークフロー（AI）"
"buzz","2","2","https://tokoyasan-mase.com/blog/detail/20220603092815/","TOKOYAさんMASE（富山市の理容室）","2026-09-27","不明","はい","9mm＋裾3mmのぼかしは子どもにも現実的。控える点は写真の人物のピアスなど（髪型とは関係なし）。裾を短くしすぎて地肌を白く出さない","横","とても短め。頭頂部は9mm、頭の丸みに沿う","ほぼなし。はえぎわは自然","出す","低め〜中くらい、なじませる。裾（耳まわり〜襟足の下のほう）を3mm、上を9mmにして、つなぎ目をぼかしている。地肌は少し透ける程度","短め（すっきり）","全体が均一な短い毛","未確定（規約ページなし、または禁止の明文が見つからない）","特徴調査の参考のみ（公開素材・生成元にしない）","年齢メモ：写真からは10代後半〜若い大人に見える。年齢の記載なし（中高生〜大人の可能性） ／ 根拠：ブラウザでページの写真（横）を実際に見て確認。ミリ数とぼかしは本文から ／ 検証：本文に年齢の記載がないので、sourceAge は『中高生』と断定せず『不明』とする（写真の見た目からの推定は、10代後半〜若い大人止まり）。裾3mm・頭頂部9mm・つなぎ目をぼかす、は本文と一致する。","収集・検証ワークフロー（AI）"
"buzz","3","2","https://kamiwazayasan.blogspot.com/2021/05/jitakucut_11.html","美容師 髪技屋さんの髪ブログ（Blogger）","2026-09-27","小学生","はい","家庭でもできる子ども向けの坊主で現実的。控える点は、頭頂部を立たせすぎてモヒカンっぽく見せないこと。はえぎわを剃ってラインを作らない","後ろ（途中の工程写真）","とても短め〜短め。はちより上は頭の丸みを使って、頭頂部に少し長さが残る（ソフトモヒカン寄りの「おしゃれ坊主」）","ほぼなし〜短め（正面写真は見ていない）","出す","低め、なじませる。はちの下は9mm、下半分のさらに下半分を6mmにしてグラデーション。はえぎわはアタッチメントを外して整える","短め","すきバサミで毛先をぼかして、境目をなじませる","未確定（規約ページなし、または禁止の明文が見つからない）","特徴調査の参考のみ（公開素材・生成元にしない）","年齢メモ：「キッズカット」「男の子の散髪」の記事で、写真は子ども。正確な年齢は不明（小学生くらいと推定） ／ 根拠：本文の手順（9mm・6mm・はちの位置）から。写真は後ろからの途中工程を一部だけ見た。仕上がりの全体写真は確認できていない ／ 検証：本文ではソフトモヒカン寄りの坊主で、対象は学齢期の男の子（小学生〜中学生）と読める。9mmで刈り、下半分を6mmにしてグラデーション、はえぎわはアタッチメントを外して整え、すきバサミでぼかす。記録と一致する。頭頂部を長めに残すため、標準の均一な坊主ではなくバリエーション寄りの例。","収集・検証ワークフロー（AI）"
"twoblock","1","2","https://matakuhair.net/chuugaku-boyhair/","MatakuHair（美容師の個人ブログ）","2026-09-27","不明","はい","刈り上げが目立たないので、学校の決まりに合わせやすい形。控える点は特になし","長めツーブロック：正面と横","ふつう。丸いマッシュの形で、上の髪が内側（ツーブロック部分）に大きくかぶる","まゆ毛くらい。重めにそろえて自然におろす","出す（本文と横の写真で、耳のすぐ上で切ってあり耳にはかからない）","内側を長めに残す『長めツーブロック』。本文には、ふつうのツーブロックのように刈り上げないとある。写真では、上の髪をかぶせると段差が見えない（隠しツーブロック）。高さは耳上くらい","短め","まっすぐ、黒髪、分け目なし","未確定（規約ページなし、または禁止の明文が見つからない）","特徴調査の参考のみ（公開素材・生成元にしない）","年齢メモ：自分で撮ったマネキン（練習用ウィッグ）の写真。記事は中学生向け。記事の後半にあるPinterest由来の写真は第三者の画像なので使っていない ／ 根拠：ブラウザで『長めツーブロック』のマネキン写真（横）を実際に見て確認した。内側の長さの説明は本文から ／ 検証：特に大きな誤りなし。ブラウザで確認したところ、『長め刈り上げ分け取り』『長めツーブロック』『長めツーブロック横』の3枚は本文中に続けて置かれ、直前直後に『出典：Pinterest』の表記はない（WebFetchの要約はPinterest由来と誤判定したが、DOM確認で否定）。横の写真はマネキンで、丸いマッシュ形・耳にかからない・襟足短めを目視確認。本文も『ツーブロックの内側を長めに残します。一般的なツーブロックのように刈り上げません』『耳にはかからず』。ページ内に利用規約・免責事項へのリンクはなく、表示は『© 2026 matakuhair』のみ。","収集・検証ワークフロー（AI）"
"twoblock","2","2","https://www.beauty-box.jp/style/mens/sha121/","ビューティーBOX（ヘアカタログ）","2026-09-27","大人","はい","髪の形は子どもにもできる。ピアスはまねしない。はち下まで刈り上げると、10歳には刈り上げ部分が見えすぎることがあるので、子ども向けには耳上くらいまでに控える。ハードワックスで強く束を作るのも控える","正面、正面に近い斜め、斜め横","ふつう〜やや短め。束感のあるショートで、上の髪が刈り上げ部分にかぶる","短め〜まゆ毛の少し上。束感を出して自然におろす","出す（耳がすっかり見える）","本文に『サイドははち下、バックは耳下を刈り上げ』とある。サイドは高め（はち下まで）、後ろは低め。斜め横の写真で、上の髪が刈り上げの上にかぶって段差がある（はっきりしたツーブロック）","短め","黒髪でパーマなし。マットワックスで束感を出し、毛先はランダムに動く","未確定（規約ページなし、または禁止の明文が見つからない）","特徴調査の参考のみ（公開素材・生成元にしない）","年齢メモ：20代くらいの男性モデル ／ 根拠：ブラウザで正面と斜め横の写真を実際に見て確認した。刈り上げの範囲（はち下／耳下）は本文から ／ 検証：本文『サイドはハチ下、バックは耳下を刈り上げてスッキリと』『マットワックスを全体になじませ束感』と一致。サイトマップ・プライバシーポリシーにも利用規約・転載禁止の記載はなく unknown で妥当。モデルの年齢は数字の記載なし（見た目判断）。","収集・検証ワークフロー（AI）"
"upbang","1","2","https://www.beauty-box.jp/style/mens/sha042/","ビューティーBOX（ヘアカタログ）","2026-09-27","大人","はい","髪の形は子どもにもできる。子ども向けには、トップの強いツンツンした立ち上げと、ハードワックスの束感を控え、前髪を軽く上げる程度にする","正面（斜め）、横、後ろ","ふつう〜やや短め。トップは長いところと短いところをつけて、上に立てたツンツンした束感","短め。上げて立たせ、おでこを出す","出す（耳がすっかり見える）","中くらい。横では、耳まわりから耳の上・こめかみの少し上まで、グラデーションで刈り上げてなじませている。後ろも耳の高さあたりまでグラデーション","短め（刈り上げ）","黒髪でパーマなし。毛先はツンツンして、ばらばらに動く。分け目なし","未確定（規約ページなし、または禁止の明文が見つからない）","特徴調査の参考のみ（公開素材・生成元にしない）","年齢メモ：20〜30代くらいの男性モデル ／ 根拠：ブラウザで横と後ろの写真を大きくして、実際に見て確認した。『グラデーション刈り上げ』『襟足は短めの刈り上げ』は本文から ／ 検証：本文『サイド〜バックまでをグラデーションに刈り上げます。トップは長短を付けスタイリングをしやすくしてあります』と一致。写真は今回の検証では目視していない（本文のみ確認）。サイト全体で利用規約ページは見つからず、プライバシーポリシーにも転載・AI・機械収集の記載なし。","収集・検証ワークフロー（AI）"
"upbang","2","2","https://sentgeorge-kourien.com/kids-hair","HAIR ST.GEORGE 香里園店（美容室）","2026-09-27","幼児","はい","子どもの実例なので、立ち上げもやわらかい。ただし幼児の例なので、10歳の標準形はこれだけで決めない","正面、斜め、後ろ（写真4枚）","短め〜ふつう。ふわっとした長さで、毛先がくしゃっと動く","短め。前の真ん中を短く切って、ふんわり立ち上げる（上げる）。おでこが見える","出す","中くらい。後ろの写真で、襟足から耳上の高さあたりまで刈り上げ、上の髪がかぶって段差がある（ツーブロック型）。本文は『サイドから襟周りはしっかり刈上げ』","短め（刈り上げ）","黒髪、パーマなし。ワックスでくしゃっとさせたやわらかい立ち上げ。分け目なし","未確定（規約ページなし、または禁止の明文が見つからない）","特徴調査の参考のみ（公開素材・生成元にしない）","年齢メモ：本文によると4歳の男の子 ／ 根拠：ブラウザで正面と後ろの写真を実際に見て確認した。年齢と刈り上げの説明は本文から ／ 検証：本文『モデルは４歳の男の子。サイドから襟周りはしっかり刈上げて、トップはふわふわ感が出る長さに。フロントセンターはアップバングにするために少し短くカット』『ワックスでくしゃくしゃ感』と一致。ページ内に利用規約・ポリシーへのリンクはなく、フッターは『© 2017 香里園の美容室ST.GEORGE』。写真のすかし表記は今回は未確認（縮小サムネイルのみ目視）。","収集・検証ワークフロー（AI）"
"upbang","3","2","https://akros-no1.com/business/%E3%83%93%E3%82%B8%E3%83%8D%E3%82%B9%E3%82%B7%E3%83%A7%E3%83%BC%E3%83%88x%E5%88%88%E3%82%8A%E4%B8%8A%E3%81%92%E3%82%A2%E3%83%83%E3%83%97%E3%83%90%E3%83%B3%E3%82%B0/","AKROS（美容室）","2026-09-27","大人","はい","刈り上げの位置と髪の形は参考になる。子ども向けには、ハイライトのカラー、ピアス、強くて高い立ち上げを控える","斜め横、正面、後ろ","ふつう。上に高く立ち上げたツンツンした束","短め。上げて立たせ、おでこを出す","出す","中くらい。後ろの写真で、襟足から耳の高さあたりまで刈り上げ、上に向かってなじませている。本文は『サイド、バックをスッキリ刈り上げ』","短め","毛先がツンツンした強い束感。明るい筋のような色（ハイライト）が見える","未確定（規約ページなし、または禁止の明文が見つからない）","特徴調査の参考のみ（公開素材・生成元にしない）","年齢メモ：30代くらいの男性モデル ／ 根拠：ブラウザで斜め横と後ろの写真を実際に見て確認した。スタイルの説明は本文から ／ 検証：本文『サイド、バックをスッキリ刈り上げたショートヘア』と一致。斜め横写真で上に立てた束感、耳出し、ピアスを目視確認。ハイライトは本文に記載なく、写真では明るい毛先の筋がわずかに見える程度なので『ハイライトがある』とは断定しない方がよい。ページ内に規約リンクなし、表示は『Copyright © 2018 AKROS All Rights Reserved.』のみ。","収集・検証ワークフロー（AI）"
"softmohi","1","2","https://www.facinatulu.com/2019/03/15/syougakusei-sofutomohikann/","facinatulu（ファシナトゥール、堺市の理容・美容室ブログ）","2026-09-27","小学生","はい","そのまま小学生に現実的。控える点は特になし。整髪料なしでも立つ硬い髪の例なので、柔らかい髪では立ち上がりが弱くなる","斜め前（正面寄り）、後ろ、斜め後ろ","短め。センターがわずかに長く、全体がツンツン立つ。前から見ると頭頂に向けて少し三角になる形","短め、立たせる（おでこが見える）","出す","中くらい〜高め（はち下まで短く）、境界：なじませる。本文では薄すぎないバリカンで、地肌がうっすら分かる程度","短め（首に沿って自然に細くなる）","量を大きく減らし、根元から立つ毛流れ。はちの張りを短く削って丸く見せる。分け目なし","未確定（規約ページなし、または禁止の明文が見つからない）","特徴調査の参考のみ（公開素材・生成元にしない）","年齢メモ：本文に「小学生のカット」と明記。顔はぼかし加工済み ／ 根拠：ブラウザで写真を実際に見て確認（斜め前、後ろ、斜め後ろの3枚）。刈り上げの薄さは本文の記述も参照 ／ 検証：なし。本文の記述（小学生、薄すぎないバリカン、量を大きく減らす、前から見て三角の形）はWebFetchで確認した。ページには顔の産毛剃りや眉カットの話もあるが、髪型の構造とは関係ない。写真は今回ブラウザでは確認していない","収集・検証ワークフロー（AI）"
"softmohi","2","2","https://www.cut-space-k.jp/posts/9616427/","カットスペース・K（横浜市の理容室）","2026-09-27","小学生","はい","形は現実的。ただし耳下・襟足の地肌がはっきり見える強めのフェードと、濡れた質感のスタイリングは控える点。標準形では地肌を見せない程度のグラデーションにする","横（左右）、斜め後ろ、上から","ふつう（本文「トップはあまり短くしないで」）。センターを長めに残し、毛先を散らして立たせている","短め、立たせる（前上がりに上げている）","出す","中くらい（耳の下はほぼ地肌、こめかみ〜はち下に向けて濃くなる）、境界：なじませる（グラデーション）","短め（襟足は地肌が見えるくらいまで刈り上げ、上へなじませる）","濡れたような質感の整髪料で毛先をツンツンに散らす。分け目なし","未確定（規約ページなし、または禁止の明文が見つからない）","特徴調査の参考のみ（公開素材・生成元にしない）","年齢メモ：タイトルとカテゴリに「小学生」と明記。写真は頭部の接写のみ ／ 根拠：ブラウザで写真を実際に見て確認（横2枚、上から、斜め後ろ）。トップの長さは本文から ／ 検証：なし。ブラウザで横の写真を確認した。耳まわりの下は地肌近くまで短く、上へグラデーションでつながり、トップはツンツンに散っている。記録と合う","収集・検証ワークフロー（AI）"
"softmohi","3","2","https://37hair.space/kido-da/","37.0℃~tida（神保町のメンズ専門美容室ブログ）","2026-09-27","幼児","はい","控えめで現実的。本文では硬い髪・多い毛量向けとされている","正面、横","短め〜ふつう。センターが少し長く、軽く立つ","短め、少し上げる（おでこが見える）","出す","中くらい（耳上〜こめかみを短く）、境界：なじませる。本文ではサイド・バックを約6mm","不明（後ろの写真なし）","毛先を散らした自然な立ち上がり。分け目なし","未確定（規約ページなし、または禁止の明文が見つからない）","特徴調査の参考のみ（公開素材・生成元にしない）","年齢メモ：記事は小学生向けだが、写真の子は幼児〜小学校低学年に見える。年齢の明記なし ／ 根拠：ブラウザで写真を実際に見て確認（正面、横）。6mmは本文から ／ 検証：『サイド・バック6mm、トップに動き』『硬い髪・多い毛量向け』は本文で確認できた。写真の子の年齢は本文に書かれておらず、幼児という判断は記録担当の見た目によるもの。今回ブラウザで写真を再確認していないので、年齢はおおよそとして扱う","収集・検証ワークフロー（AI）"
"softmohi","4","2","https://b-s-hasegawa.com/mensoftmohican/","BARBER'S SHOP HASEGAWA（浜松市の理容室）","2026-09-27","中高生","はい","地肌を見せず、ハサミでぼかす刈り上げのため子どもにも現実的。控える点はほぼなし","斜め後ろ（左右2枚）","短め〜ふつう（3〜4cm程度に見える）。センターを長めに残し、全体がツンツン立つ","不明（正面の写真なし）","出す","中くらい（耳上からはち下まで短く）、境界：なじませる（ハサミで刈り上げ、地肌は見えない）","短め（生え際に沿って細く、線は入れない）","毛先をツンツンに散らす。分け目なし","未確定（規約ページなし、または禁止の明文が見つからない）","特徴調査の参考のみ（公開素材・生成元にしない）","年齢メモ：見出し「高校生ヘア」、説明「10代のお客様」。ページのほかの例は大人 ／ 根拠：ブラウザで高校生の例の写真を実際に見て確認（斜め後ろ2枚）。説明文も参照 ／ 検証：なし。本文の『10代のお客様』『サイドバックはハサミで刈り上げ』『フロントトップはセンターを長めに残す』を確認した。トップが3〜4cmという値は写真から見積もったもので、本文には書かれていない","収集・検証ワークフロー（AI）"
"mash","1","2","https://clover-inaba.jp/blog/detail/20240209130419/","クローバー いなば理容室（茨城県阿見町の理容室ブログ）","2026-09-27","中高生","はい","10歳前後でも現実的。前髪は目にかからない長さに調整する","横（斜め横）、斜め後ろ、正面寄り（施術中）","ふつう〜長め。丸みのあるマッシュのシルエット","まゆ下（目に入らない長さ）、下ろして軽くそろえる。本文では目にかかる長さのオーダーが多いとされる","出す（本文「耳出しマッシュ」）","低め（ツーブロックで耳まわりと後ろの下を刈り上げ）、境界：上の髪がかぶって段差は見えにくい","短め（後頭部の下から刈り上げ）","重めの丸いシルエット。ワックスなしで下ろす。分け目なし","未確定（規約ページなし、または禁止の明文が見つからない）","特徴調査の参考のみ（公開素材・生成元にしない）","年齢メモ：タイトルに「中学生カット」と明記 ／ 根拠：ブラウザで写真を実際に見て確認（横、斜め後ろ、施術中の正面寄り）。「耳出し」「ツーブロック」「後ろも刈り上げ」は本文から ／ 検証：本文で確認できたのは、中学生、ツーブロック、後ろも刈り上げ、耳出し、前髪は目にかからない長さ以下、ワックスなしでもよい、の各点。記録の『まゆ下』は写真からの見積もりで、本文の表現は目の高さかそれより短い、というもの。写真は今回ブラウザで再確認していない","収集・検証ワークフロー（AI）"
"mash","2","2","https://37hair.space/kido-da/","37.0℃~tida（神保町のメンズ専門美容室ブログ）","2026-09-27","幼児","はい","どちらも現実的。ツーブロックの例は横から刈り上げの段差が見えるため、標準形では段差を目立たせない","正面、後ろ、横（左右）","ふつう。丸みがあり、トップに軽いレイヤーを入れて束感を出す","まゆ毛くらい、下ろす（重すぎず軽い束感）","半分かかる（ナチュラルマッシュ）。ツーブロックの例では耳上が出る","ナチュラルマッシュはなし（襟足を短く切るネープレス）。ツーブロック×ソフトマッシュは低め（耳まわりと後ろの下を刈り上げ、グラデーションでつなぐ）","短め（ネープレス。襟足を残さない）","軽めで丸い。整髪料なし。分け目なし","未確定（規約ページなし、または禁止の明文が見つからない）","特徴調査の参考のみ（公開素材・生成元にしない）","年齢メモ：写真は幼児〜小学校低学年に見える。年齢の明記なし。ツーブロック×ソフトマッシュの子はそれより上に見える ／ 根拠：ブラウザで写真を実際に見て確認（ナチュラルマッシュの正面・後ろ・左右の横、ツーブロック×ソフトマッシュの後ろ・斜め後ろ）。ネープレスやグラデーションは本文から ／ 検証：ナチュラルマッシュ（ネープレス、柔らかくまっすぐな髪向け、整髪料なし）と、ツーブロック×ソフトマッシュ（グラデーションでつなぐ）は本文で確認できた。年齢は本文になく、見た目からの推定","収集・検証ワークフロー（AI）"
"mash","3","2","https://cut-bu.com/mash-cut/","カット部（子どものセルフカット解説サイト）","2026-09-27","不明","はい","基本形は子どもに現実的。ただし目にかかる前髪や耳を完全にかくす重さは控え、まゆ毛くらいに調整する。大人モデルの例にあるパーマやカラーは控える","正面、斜め横（マネキン）","長め。丸くボリュームのあるキノコ形","まゆ毛くらい〜まゆ下、まっすぐそろえる（厚め）。ツーブロック版は目にかかる長さ","半分かかる〜かくす（前髪からもみあげへ丸くつながるライン）","なし（基本形）。ツーブロック版は低め（下を6mmで刈る）","ふつう","重めでまっすぐ、表面はなめらか。分け目なし","未確定（規約ページなし、または禁止の明文が見つからない）","特徴調査の参考のみ（公開素材・生成元にしない）","年齢メモ：完成見本はマネキン。途中の種類紹介は大人モデル ／ 根拠：ブラウザでマネキンの完成写真を実際に見て確認（正面、斜め横）。まゆ毛の高さの前髪と6mmのツーブロックは本文から ／ 検証：本文で確認できたのは、前髪をまゆ毛の高さでまっすぐそろえること、耳とえりあしに沿ったアウトライン、ツーブロック版があること。6mmという数値と大人モデル画像の出典は、今回の取得では確認できなかった。解説サイトなので実例写真ではない点に注意","収集・検証ワークフロー（AI）"
"g-roundshort","1","3","https://www.chokkins.com/choki-tomo/4419/","CHOKKIN'S（こども専門美容室）チョキ友ブログ","2026-09-28","幼児","はい","子ども専門店の実例で、そのまま現実的。控える点なし。ただし幼児のため、小学生版では前髪を少し長め（まゆ上〜まゆ）にしてもよい","正面（2枚）、横（1枚）、後ろ（1枚）","あご上〜あご。後ろは首の付け根の少し上で、首が見える","まゆ上。一直線にそろえた厚めの前髪","かくす","なし","—","段：少し（角を削って丸くする程度。段がはっきり見える形ではない） ／ 毛先：内に丸くおさまる（後ろの裾は丸いカーブ） ／ 顔まわり：段なし。前髪から横へ丸いラインでつながる ／ 量：ふつう（全体の量を多めに削いで角を取ったと本文にあり） ／ ストレートでつやのある面。分け目なし。後頭部はお椀のような丸いシルエット","未確定（規約ページなし、または禁止の明文が見つからない）","特徴調査の参考のみ（公開素材・生成元にしない）","年齢メモ：ページ本文に4歳と記載（名前は記録しない） ／ 根拠：ブラウザでページの写真を実際に見て確認（正面・横・後ろ）。本文の「短めボブで全体を多めに削って角を取り、丸く仕上げた」「首も出してさっぱり」とも一致 ／ 規約：フッターに著作権表示（All Rights Reserved）のみ。利用規約ページは見つからず。特徴調査の参考としてだけ使う ／ 検証：本文で確認できたのは『短めボブ・全体を削いで角を取り丸く・首すっきり』と4歳の記載、写真4枚まで。前髪の長さ・形（まゆ上の一直線）は本文になく、検証側では写真を見られなかったため未確認扱い。ナビに /guideline/ があるが、キャンセル・カスハラ・撮影対応ポリシーで、転載やAI利用の規定は見当たらない（PDF本文は未確認）。 ログインなしで閲覧可能。本文の特徴は記録と一致。規約は転載・AI利用の定めが確認できず unknown のため、特徴調査の参考としてだけ残す。検証側は共有ブラウザが他の作業と競合したため、写真は見られなかった。","収集・検証ワークフロー（AI）"
"g-roundshort","2","3","https://goochoki.com/haircatalog/3146/","GooCHOKI（こども専用カットサロン）ヘアカタログ","2026-09-28","小学生","はい","子ども専門店の6歳以上の実例。控える点なし","正面、横（左右2枚）、斜め","横はあご〜あご上、後ろは襟足が短く首が見える","まゆ毛くらい。自然に下ろし、やや軽め・毛先は少し不ぞろい","かくす","なし","—","段：少し（後ろはグラデーションで下を短く、上に丸みを出す） ／ 毛先：内に丸くおさまる ／ 顔まわり：顔まわりは頬に沿って内に入る。段はほとんどなし ／ 量：ふつう ／ ストレート。分け目なし。後頭部に丸いふくらみ、襟足はすっきり締まる","未確定（規約ページなし、または禁止の明文が見つからない）","特徴調査の参考のみ（公開素材・生成元にしない）","年齢メモ：カタログの区分が『女の子6歳以上 ショート』 ／ 根拠：ブラウザで写真4枚（正面・両横・斜め）を実際に見て確認。後ろ真正面の写真はなし。スタイル説明『可愛い丸みとスッキリした印象』 ／ 規約：© GooCHOKI All Rights Reserved の表示のみ。規約ページは見つからず。画像はCHOKKIN'Sのサーバーから配信されており、CHOKKIN'Sと同系列の運営とみられるため、独立した3サイト目としては弱い ／ 検証：ページ名は『ショートボブ』で、区分は『女の子6歳以上 ショート』。丸みショートの参考として使うのはよいが、ショートボブ側の参考（同じGooCHOKIの2457）と名前が重なるため、区別の根拠は写真の形（襟足の短さ）に頼ることになる点に注意。写真の枚数（4枚）と説明文『可愛い丸みとスッキリした印象』は一致。角度ごとの見え方は、検証側では写真を見られず未確認。 到達可能。説明文と区分は記録と一致。規約ページは見つからず unknown（© 表示のみ）。CHOKKIN'Sと同系列とみられ、独立性は弱い。","収集・検証ワークフロー（AI）"
"g-roundshort","3","3","https://egrant.co.jp/skill/marumi-shortcut/","イーグラント・コーポレーション（美容室Anphi運営）美容師向け記事","2026-09-28","大人","はい","形は子どもにも現実的。前髪は目にかからないよう、まゆ上〜まゆまで短くする。毛先のざくざくした質感は控えめに","正面、後ろ（完成写真）。横は展開図の説明のみ","あご上。横は頬の下あたり、後ろは襟足が短い","まゆ下〜目のあたり。重めに下ろし、毛先はやや不ぞろい","かくす","なし","—","段：少し〜しっかり（頭の丸みに沿って45度で引き出すグラデーション） ／ 毛先：軽く不ぞろい（襟足は毛先が細く締まる） ／ 顔まわり：前髪から横、後ろへ一続きのライン。顔まわりに短い毛はなし ／ 量：ふつう ／ ストレート。重さの線（ウエイトライン）が前下がりでも前上がりでもなく水平につながる。後頭部は丸く、全体はひし形","未確定（規約ページなし、または禁止の明文が見つからない）","特徴調査の参考のみ（公開素材・生成元にしない）","年齢メモ：マネキンでの技術解説で、大人向けスタイル ／ 根拠：ブラウザで完成写真（正面・後ろ）を実際に見て確認。『ウエイトラインが水平に繋がる』『丸みのあるひし形』は本文から ／ 規約：©表示のみ（All Rights Reserved）。利用規約は見つからず。アフィリエイト表記あり。特徴調査の参考としてだけ使う ／ 検証：本文では前髪は目の高さで、ウエイトラインは水平、ひし形シルエット、オンベースの考え方。記録と一致する。長さは本文の説明が襟足基準で、『あご上』は写真からの判断になり、検証側では未確認。 到達可能で、本文の特徴が記録と一致。©表示のみで規約は確認できず unknown。大人向けマネキンだが、形（構造）の参考としては妥当。","収集・検証ワークフロー（AI）"
"g-shortbob","1","3","https://goochoki.com/haircatalog/2457/","GooCHOKI（こども専用カットサロン）ヘアカタログ","2026-09-28","小学生","はい","子ども専門店の6歳以上の実例。控える点なし","正面（斜め）、横（左右2枚）、後ろ","あご。後ろの裾はあごと同じ高さで首の上部にかかる","まゆ毛くらい（本文は『まゆにかかる長さ』）。そろえて下ろし、やや厚め","かくす","なし","—","段：なし〜ごく少し（面がそろった重めのボブ） ／ 毛先：内に丸くおさまる。後ろの裾はほぼ水平で、端が内に入る ／ 顔まわり：段なし。横の髪は頬を包んで内に入る ／ 量：ふつう〜重め ／ ストレートでつやのある面。分け目なし。後頭部は丸く、裾に向かって内にすぼまる","未確定（規約ページなし、または禁止の明文が見つからない）","特徴調査の参考のみ（公開素材・生成元にしない）","年齢メモ：カタログの区分が『女の子6歳以上 ショート』 ／ 根拠：ブラウザで写真4枚（斜め正面・両横・後ろ）を実際に見て確認。本文『丸く可愛さのあるボブ、しっかり短いので首もすっきり、前髪はまゆにかかる長さ』とも一致 ／ 規約：© GooCHOKI All Rights Reserved の表示のみ。規約ページは見つからず。特徴調査の参考としてだけ使う ／ 検証：本文『丸く可愛さのあるボブ・短いので首もすっきり・前髪はまゆにかかる長さ（大人っぽく）』、区分『6歳以上 ショート』、写真4枚は一致。本文の『首もすっきり』は、記録の『後ろの裾はあごの高さで首の上部にかかる』とややずれる可能性がある。その場合、丸みショートとの区別の決め手（裾の高さ）が弱まる。検証側では写真を見られず、裾の高さは未確認。 到達可能で、本文の特徴はおおむね一致。規約は見つからず unknown。","収集・検証ワークフロー（AI）"
"g-shortbob","2","3","https://tawa-kids.jp/blog/detail/20231008101431/","TAWA kids hair salon（大船のこども向け美容室）ブログ","2026-09-28","不明（収集時は小学生）","はい","子ども専門店の実例。本文では『重い前髪をシースルーバングにして大人っぽく』とあるため、小学生の標準形では前髪をもう少し厚めにする","正面（やや斜め）のみ","あご","まゆ毛〜まゆ下。シースルーバング（すき間のある軽い前髪）で自然に下ろす","かくす","なし","—","段：なし〜少し ／ 毛先：内に丸くおさまる（頬に沿って内に入る） ／ 顔まわり：段なし。横の髪が頬を包む ／ 量：ふつう ／ ストレート。分け目なし","未確定（規約ページなし、または禁止の明文が見つからない）","特徴調査の参考のみ（公開素材・生成元にしない）","年齢メモ：年齢の記載なし。見た目は小学生くらい（推定） ／ 根拠：ブラウザで写真（正面1枚）を実際に見て確認。横・後ろの写真はなし。前髪の変更点は本文から ／ 規約：フッターに著作権表示（ALL RIGHTS RESERVED）のみ。規約ページは見つからず。特徴調査の参考としてだけ使う ／ 検証：年齢の記載はない。記録の『小学生』は見た目からの推定なので、sourceAgeは不明とするのが正確（推定小学生と注記）。写真1枚、シースルーバングに変えたという本文は一致。 到達可能で、特徴は一致。©表示のみで規約は unknown。年齢は推定のため不明に修正。","収集・検証ワークフロー（AI）"
"g-shortbob","3","3","https://nonedge.jp/top/2022/03/02/kidskut/","NON EDGE（苫小牧の美容室）ブログ","2026-09-28","不明（収集時は小学生）","はい","子どもの実例。控える点なし。ただし前髪なしなので、標準形ではなく『前髪なし』の選択肢の参考","正面のみ","あご〜あご下","なし（センター寄りで分けて顔の横へ流す）","かくす","なし","—","段：なし ／ 毛先：内に丸くおさまる ／ 顔まわり：段なし ／ 量：ふつう ／ ストレート。真ん中近くの分け目","未確定（規約ページなし、または禁止の明文が見つからない）","特徴調査の参考のみ（公開素材・生成元にしない）","年齢メモ：年齢の記載なし。見た目は小学校低〜中学年くらい（推定）。キッズヘアカタログ・女の子のカテゴリー ／ 根拠：ブラウザで写真（正面1枚）を実際に見て確認。写真に装飾文字が重なっている。横・後ろはなし ／ 規約：規約ページは確認できず。特徴調査の参考としてだけ使う ／ 検証：本文はヘアドネーションで40cm切ってボブにしたという内容のみで、年齢の記載はない（『可愛いお客様』、キッズカテゴリー）。sourceAgeは不明（推定小学生）が正確。前髪なし・分け目の位置は本文になく、写真依存で、検証側では未確認。 到達可能。ボブで、キッズ・女の子カテゴリーなのは一致。Copyright表示のみで規約は unknown。前髪なしの選択肢の参考にとどめる。","収集・検証ワークフロー（AI）"
"g-pattsunbob","1","3","https://www.chokkins.com/choki-tomo/4386/","CHOKKIN'S（こども専門美容室）チョキ友ブログ","2026-09-28","幼児","はい","カラーやパーマはなし。そのまま小学生にも現実的","正面・横・後ろ（画像を実際に確認）","あご（横から見て毛先があごの線の高さ）","まゆ上〜まゆ毛くらい。一直線にそろえる","かくす","なし","—","段：なし（重め・一直線） ／ 毛先：まっすぐ切りそろえる。わずかに内に丸くおさまる ／ 顔まわり：段なし。サイドは顔に沿ってストンと下りる ／ 量：重め ／ ストレートでツヤがある。表面はなめらか。分け目は目立たない","未確定（規約ページなし、または禁止の明文が見つからない）","特徴調査の参考のみ（公開素材・生成元にしない）","年齢メモ：本文に5歳と記載 ／ 根拠：ブラウザでページの画像を実際に見て確認した。後ろ姿では、首の中ほどの高さで水平な一直線になり、頭の形に沿って丸いシルエット。横から見ると、あごの線で水平に切りそろえられ、耳はかくれている ／ 規約：利用規約ページが見当たらない（フッターは著作権表示のみ）。特徴調査の参考だけにする ／ 検証：特に訂正なし。ブラウザで横からの写真を確認した。毛先はあごの線で水平にそろい、少し内に入る。耳はかくれている。本文にある形の説明は「ぱつんボブ」「短めボブ」だけで、前髪・長さの記述は写真から読んだもの。 ログインなしで見られる。本文に5歳と明記。横からの写真で、あごの長さ・段なし・内に入る毛先を確認した。フッターは著作権表示だけ。会社概要以外に規約やポリシーへのリンクはなく、規約は unknown","収集・検証ワークフロー（AI）"
"g-pattsunbob","2","3","https://www.chokkins.com/choki-tomo/873/","CHOKKIN'S（こども専門美容室）チョキ友ブログ","2026-09-28","幼児","はい","控える点はない。前髪がかなり短い（まゆ上）ので、小学生の標準形ではまゆ毛くらいが無難","正面・斜め・横・後ろ（画像を実際に確認）","あご","まゆ上（短め）。一直線にそろえる","かくす","なし","—","段：なし（重め・一直線） ／ 毛先：まっすぐ切りそろえる。毛先が少し内に入る ／ 顔まわり：段なし ／ 量：重め ／ ストレートでツヤがある。後ろは表面から毛先まで同じ長さに見える","未確定（規約ページなし、または禁止の明文が見つからない）","特徴調査の参考のみ（公開素材・生成元にしない）","年齢メモ：本文に3歳と記載 ／ 根拠：ページの画像4枚（正面・斜め上向き・横・後ろ）を直接開いて確認した。後ろ姿は、えりあし付近で水平に一直線に切りそろえられた重いライン ／ 規約：利用規約ページが見当たらない。特徴調査の参考だけにする（同じサイトの2件目。ほかのサイトが足りないため補強として記録） ／ 検証：訂正なし。正面の写真で、前髪がまゆよりかなり上の一直線であること、あご丈のボブであることを確認した。本文は「伸ばし途中でも可愛くパツッン」「ツヤツヤピカピカボブ」だけ。ページ内の「ミディアム」はサイドバーのカテゴリ名で、この髪型の説明ではない。 ログインなしで見られる。本文に3歳と明記。写真は4枚。規約ページはなく著作権表示だけなので unknown。同じサイトの2件目なので、補強の参考として扱う","収集・検証ワークフロー（AI）"
"g-pattsunbob","3","3","https://self-cut.from.tv/one-length","セルフカット道場","2026-09-28","幼児","はい","控える点はない","正面（子どもの写真）・横（マネキン）・後ろのカット手順（実際に確認）","あご","まゆ上〜まゆ毛くらい。一直線にそろえる","かくす","なし","—","段：なし（ワンレングス） ／ 毛先：まっすぐ切りそろえる。内に丸くおさまる（本文では内巻きボブ） ／ 顔まわり：段なし ／ 量：重め ／ ストレート。コームでとかして地面と平行に切る、と本文に記載","未確定（規約ページなし、または禁止の明文が見つからない）","特徴調査の参考のみ（公開素材・生成元にしない）","年齢メモ：仕上がりイメージの正面写真は幼児。横の写真はマネキン（ウィッグ） ／ 根拠：画像を実際に確認した。正面は、あごの長さで短い一直線の前髪。マネキンの横は、あご付近で毛先が内に入るワンレングス。本文には、後ろを3つに分けて中央から地面と平行に切り、サイドも同じ切り方と書かれている ／ 規約：利用規約が見当たらない（著作権表示のみ）。特徴調査の参考だけにする ／ 検証：前髪の長さは、本文では「まゆと目の間」「まゆがギリギリかくれる」「まゆが全部見える」の中から子どもに合わせて選ぶ、と書かれている。「まゆ上〜まゆ毛くらい」は写真の例に限った説明。冒頭の子どもの正面写真は、外部の写真共有サイトから持ってきたらしい画像（ファイル名から判断）で、権利関係は別途不明。 ログインなしで見られる。本文に「内巻きボブ」とあり、地面と平行に切る手順と、正面の写真（あご丈で一直線の前髪）が一致する。規約やプライバシーポリシーのページはなく（あるのはコメント処理用のAkismetのリンクだけ）、転載禁止の記述もないので unknown","収集・検証ワークフロー（AI）"
"g-pattsunbob","4","3","https://tawa-kids.jp/blog/detail/20250305131804/","TAWA kids hair salon","2026-09-28","小学生","はい","控える点はない。ロングからばっさりボブにした例","正面のみ（小さなビフォーアフターのコラージュを確認）","あご〜あご下","まゆ毛くらい。一直線にそろえる","かくす","なし","—","段：なし（に見える） ／ 毛先：まっすぐ（に見える） ／ 顔まわり：段なし（に見える） ／ 量：ふつう〜重め ／ ストレートの黒髪","未確定（規約ページなし、または禁止の明文が見つからない）","特徴調査の参考のみ（公開素材・生成元にしない）","年齢メモ：年齢の記載はない。写真の見た目から小学生くらいと判断（推定） ／ 根拠：画像を実際に見たが、写真が小さく正面だけなので、段と毛先の形は正確にはわからない。本文は「ロングヘアからバッサリボブに」だけ ／ 規約：利用規約が見当たらない（フッターは著作権表示のみ）。特徴調査の参考だけにする ／ 検証：長さは、アフター写真ではあごより少し下（首の上のほう）。前髪はまゆくらいだが少し透けていて、完全な一直線とまでは言えない。年齢は推定のまま（本文に記載なし）。 ログインなしで見られる。小学生くらいの子どものビフォーアフター（正面だけ）。フッターのプライバシーポリシーを確認したが、著作権・転載に関する条項はないので unknown。段と毛先の形は判断材料にならず、長さと前髪の補強にとどまる","収集・検証ワークフロー（AI）"
"g-pattsunbob","5","3","https://www.hoyu.co.jp/licolo/category/hair-style/001347.html","LICOLO（ホーユー）","2026-09-28","大人","はい","形は現実的。控える点：ハイトーンカラー、インナーカラー、暖色系カラー、大人っぽい外ハネのスタイリング","不明（写真の方向は確かめていない）","あご〜肩上（本文による）","厚めの前髪が多い。前髪なしや透ける前髪の例もある（本文による）","不明","なし","—","段：基本はなし（本文による） ／ 毛先：切りそろえたライン。外ハネや内巻き気味の変形もある（本文による） ／ 顔まわり：基本は段なし。顔まわりを軽くした例もある ／ 量：不明 ／ 不明","未確定（規約ページなし、または禁止の明文が見つからない）","使わない（検証で外した）","年齢メモ：大人向けの記事。画像の一部はAI生成だとページに注記あり ／ 根拠：ページの本文と見出しから。画像の一部がAI生成なので、写真の特徴は根拠にしていない。本文では、ぱっつんボブを「毛先を切りそろえたライン感」が特徴のボブと定義し、前髪もそろえると統一感が出ると書いている ／ 規約：規約は確認できず、著作権表示のみ。画像がAI生成を含むため、呼び方の定義を確かめる用途だけにする ／ 検証：termsNote の「規約は確認できず、著作権表示のみ」は誤り。フッターに利用規約（https://www.hoyu.co.jp/policy/）へのリンクがある。第1項に、私的使用のための複製や引用の範囲を超えるときは許諾が必要で、「掲載内容全部または一部につき、無断使用・複製することを禁止」とある。 規約で掲載内容の無断使用・複製を禁止しているので ng。さらに画像の一部はAI生成と注記されている。定義の確認用としても記録から外す","収集・検証ワークフロー（AI）"
"g-bluntbob","1","3","https://www.chokkins.com/choki-tomo/2332/","CHOKKIN'S（こども専門美容室）チョキ友ブログ","2026-09-28","幼児","はい","アイロンを使わない自然な外はねなので現実的。アイロンで強く外に巻くのは控える","正面・横・斜め（画像を実際に確認）。真後ろはない","肩上（毛先が肩に触れるか触れないくらい）","まゆ毛くらい。自然に下ろす（すき間が少しあり、毛先は少し不ぞろい）","かくす（横から見ると耳が少しのぞく）","なし","—","段：なし〜ごく少し（一直線に見える） ／ 毛先：まっすぐ切りそろえたうえで、肩に当たって外にはねる ／ 顔まわり：段なし ／ 量：ふつう ／ ストレート。本文には「アイロンしなくても外はねになるように仕上げ」とある","未確定（規約ページなし、または禁止の明文が見つからない）","特徴調査の参考のみ（公開素材・生成元にしない）","年齢メモ：本文に5歳と記載 ／ 根拠：ページの画像5枚を実際に見て確認した。正面は肩上の長さで毛先が外に少しはね、前髪はまゆ毛くらい。横は、肩上で水平なラインのまま毛先が外にはね、耳が少し見える ／ 規約：利用規約ページが見当たらない（著作権表示のみ）。特徴調査の参考だけにする ／ 検証：訂正なし。横からの写真で、肩上の長さ、毛先の外はね、前髪ありを確認した。本文に「アイロンしなくても外はね」とある。横の毛先はわずかに不ぞろいで、ごく軽い段に見える部分もある。 ログインなしで見られる。本文に5歳と明記。写真は5枚。規約ページはなく著作権表示だけなので unknown","収集・検証ワークフロー（AI）"
"g-bluntbob","2","3","https://newer.tokyo/bob-5/","Hair&Make newer（白金台の美容室）","2026-09-28","小学生","はい","現実的。本文は、夏やプールで乾かしやすく、スタイリングが楽と説明。控える点：バームなどのスタイリング剤は標準形の前提にしない","横・斜め後ろ（カット前とカット後を実際に確認）。カット後の正面はない","肩上","あり。目にかかるくらいの長めで、透ける前髪（横から見た範囲）","かくす（横から見ると耳が少しのぞく）","なし","—","段：なし（量感調整だけ） ／ 毛先：まっすぐ切りそろえる。外に軽くはねる。毛先は少し不ぞろい ／ 顔まわり：段なし（顔まわりの毛は前髪から自然につながる） ／ 量：ふつう（もとは毛量が多く、すいて調整したと本文にある） ／ 大きなうねりのくせ毛を利用し、はねる位置で切っている。根元をつぶすように乾かしてバームで仕上げる（本文による）","未確定（規約ページなし、または禁止の明文が見つからない）","特徴調査の参考のみ（公開素材・生成元にしない）","年齢メモ：タイトルに「小学生カット」と記載 ／ 根拠：画像を実際に見て確認した。カット後の横では毛先が肩の上で外にはね、斜め後ろでは重めの直線ラインが外にはねていた。前髪や量感の説明は本文による ／ 規約：規約は確認できず、著作権表示のみ。特徴調査の参考だけにする ／ 検証：訂正なし。タイトルは「小学生カット」、本文は「肩上で切りっぱなし外ハネ」。くせ毛と毛量が多いこと、根元をつぶしてバームで仕上げることも本文で確認した。ページ内の「インナーハイライト」「ピンク前髪」は関連記事の文字で、この子の施術ではない。 ログインなしで見られる。小学生の実例（横・斜め後ろ）。トップページにも記事にも規約やポリシーへのリンクはないので unknown","収集・検証ワークフロー（AI）"
"g-bluntbob","3","3","https://www.adorable-hair.co.jp/blog/11381","hair salon adorable（新潟の美容室）ブログ","2026-09-28","大人（収集時は不明）","はい","形（段なし・水平ライン・軽い外はね）は現実的。控える点：アッシュベージュのカラー、トリートメント前提のツヤ","後ろ・斜め後ろ（カット前とカット後を実際に確認）","あご〜あご下（本文には「あごラインくらい」とある）","不明（後ろ姿のみ）","かくす（後ろから見た範囲）","なし","—","段：なし ／ 毛先：まっすぐ切りそろえる。外に軽くはねる。毛先に少し束感 ／ 顔まわり：不明 ／ 量：ふつう（本文には「程よい毛量調節」とある） ／ ストレート。後ろの毛先が水平な一直線","未確定（規約ページなし、または禁止の明文が見つからない）","特徴調査の参考のみ（公開素材・生成元にしない）","年齢メモ：後ろ姿だけで年齢はわからない。カラーをしているので、中高生以上の可能性が高い ／ 根拠：画像4枚を実際に見て確認した。後ろ姿で、水平な一直線の毛先が外に少しはねている。長さと毛量の説明は本文による ／ 規約：規約は確認できず、著作権表示のみ。特徴調査の参考だけにする ／ 検証：sourceAge は「不明」から「大人」寄りに直す。カラーとトリートメントを施術しており、後ろ姿の体格も大人に見える。ただし年齢の記載はない。長さは写真でも、あご〜首の上のほう（肩上ではない）。外はねは弱く、ほぼまっすぐな水平ライン。 ログインなしで見られる。プライバシーポリシー（/policy）を確認したが、著作権・転載の条項はないので unknown。後ろ姿の水平な一直線の参考になる。ただし長さはあご丈で、ぱっつんボブの長さと重なる点に注意","収集・検証ワークフロー（AI）"
"g-bluntbob","4","3","https://ouchicutmiwa.com/massugunabob/","おうちカット（美容師個人の解説サイト）","2026-09-28","不明（収集時は幼児）","はい","控える点はない。家庭でも切れる、段のない形","後ろ（カット途中の写真を確認）","不明（仕上がりの全体写真なし）","不明","不明","なし","—","段：なし（本文には「段が入ってないボブ」とある） ／ 毛先：まっすぐ切りそろえる ／ 顔まわり：不明 ／ 量：すきバサミで調整（本文による） ／ 耳から耳へまっすぐ分けて、引っ張らずに水平に切る、と本文にある","未確定（規約ページなし、または禁止の明文が見つからない）","使わない（検証で外した）","年齢メモ：カット途中の後頭部の写真で、小さな子どもに見える（推定） ／ 根拠：本文が主な根拠。写真はカット途中の後頭部とコームだけで、水平な切り口を確認した。仕上がりの全体像は見られなかった ／ 規約：規約は確認できない。特徴調査の参考だけにする。アフィリエイト広告があるサイト ／ 検証：WebFetchでは403だったが、ブラウザでは見られた。サイトのプライバシーポリシー（https://ouchicutmiwa.com/privacy/）の著作権の項に、引用の範囲を除き「内容、テキスト、画像等」の無断転載・使用を固く禁じる、とある。内容は「まっすぐボブ」（段なし・水平）の家庭カット手順で、外はねの記述はない。切りっぱなしボブに特有の特徴（肩上・外はね）は確認できない。 規約で無断転載・使用を禁止しているので ng。この髪型の見分けの決め手となる特徴とも合わない","収集・検証ワークフロー（AI）"
"g-medium","1","3","https://www.chokkins.com/choki-tomo/4509/","こども専門美容室チョッキンズ（チョキ友）","2026-09-28","幼児","はい","子ども専門サロンの実例。「結べる長さを残して顔まわりにだけ段を入れる」と書かれていて、学校向きの形。外ハネは肩に当たって自然にはねる程度で、アイロンで作ったものではないと読み取れる","不明（写真4枚あり。角度は未確認）","肩（本文「肩にあたり」）","まゆ毛くらいと推定。形は軽く横へ流す（本文「少し流れる前髪」）。長さは不明","不明","なし","—","段：少し（顔まわりだけ） ／ 毛先：外にはねる（本文「外ハネ」） ／ 顔まわり：顔まわりに軽い段 ／ 量：ふつう ／ ストレート、毛先が外に動く。分け目は不明","未確定（規約ページなし、または禁止の明文が見つからない）","特徴調査の参考のみ（公開素材・生成元にしない）","年齢メモ：本文に4歳と記載 ／ 根拠：ページの文章から（WebFetch）。写真は見ていない ／ 規約：フッターは「© CHOKKIN'S All Rights Reserved.」だけで、利用規約の転載・AI利用条項は確認できなかった。特徴調査の参考にとどめる。ページに出ている子どもの名前は記録していない ／ 検証：前髪は本文で「少しサイドバングを作りました」とあるだけ。「まゆ毛くらい」という長さを裏づける記述はないので、bang は「サイドバング（横へ流す）。長さは不明」とするのがよい。そのほかの項目（4歳、肩に当たる、外ハネ、顔まわりに結べる程度の軽いレイヤー）は本文と一致した。写真4枚に alt はなく、角度は確認できなかった。 ログインなしで見られた。4歳、肩に当たって外にはねる、顔まわりに軽いレイヤー、は本文と一致した。/guideline/ と、© 表記しかないフッターを確認したが、転載・AI利用・機械収集についての記載は見つからなかった。規約は unknown なので、特徴調査の参考にとどめる。写真は見ていない。","収集・検証ワークフロー（AI）"
"g-medium","2","3","https://www.chokkins.com/choki-tomo/4546/","こども専門美容室チョッキンズ（チョキ友）","2026-09-28","不明","はい","子ども専門サロンの実例。ボブの土台に低い段を足しただけの控えめな形","不明（写真4枚あり。角度は未確認）","肩（本文「肩ぐらいの長さのボブベース」）","ぱっつん（一直線にそろえる）。長さは不明","不明","なし","—","段：少し（ローレイヤー） ／ 毛先：不明（ふんわりした質感と記載） ／ 顔まわり：顔まわりに段（本文「顔まわりにレイヤー」） ／ 量：ふつう〜軽め（ふんわり） ／ ボブを土台にした、低い位置の段","未確定（規約ページなし、または禁止の明文が見つからない）","特徴調査の参考のみ（公開素材・生成元にしない）","年齢メモ：年齢の記載なし。子ども専門サロンなので幼児〜小学生と思われる ／ 根拠：ページの文章から（WebFetch）。写真は見ていない ／ 規約：上と同じ。規約の条項は未確認 ／ 検証：length は「肩ぐらい」ではなく、本文は「肩下の長さのボブベース」なので「肩下」に直す。前髪は「パツンとカット」で記録と一致。レイヤーは少し、顔まわりをすっきりさせる、で一致。年齢の記載はない。 ページは見られた。長さの書き方が少しずれているだけで、構造（肩下のボブベース、低い段、顔まわりのレイヤー、ぱっつん前髪）は合っている。規約は同じサイトなので unknown。写真は見ていない。","収集・検証ワークフロー（AI）"
"g-medium","3","3","https://hugkum.sho.jp/30389","HugKum（小学館）","2026-09-28","不明","はい","家庭で切るカット方法の記事なので、形そのものは現実的。ただし「ちょっぴり大人っぽい」とあり、シャギーの動きは強めなので、小学生の標準形では控えめにする","文章によると正面・SIDE・BACKの仕上がり写真がある。実際には見ていない","肩前後と推定（文章からは確定できない）","不明","不明","なし","—","段：しっかり（シャギー。毛先に縦にハサミを入れる） ／ 毛先：軽く不ぞろい（シャギー） ／ 顔まわり：顔まわりに段（45度で切って動きを出す） ／ 量：軽め ／ 毛先に動きのあるシャギー","未確定（規約ページなし、または禁止の明文が見つからない）","特徴調査の参考のみ（公開素材・生成元にしない）","年齢メモ：記事は「3〜6歳」「小学生」の分類。モデルの年齢は明記なし ／ 根拠：ページの文章から（WebFetch）。写真は見ていない ／ 規約：「このサイトにつきまして」ページに転載・AI利用の記載はなかった。利用規約本体は未確認 ／ 検証：本文は、ミディアム〜ロングの髪に使えるカット方法で、毛先3cmくらいに縦にハサミを入れる、と書いている。仕上がりの長さが肩前後かは本文からは確定できないので「不明（ミディアム）」がより正確。正面・SIDE・BACKの写真があることは確認できた。前髪の記述はない（不明で正しい）。 見られた。シャギー、顔まわりを45度で切ること、「ちょっぴり大人っぽい」は一致した。HugKum 独自の利用規約・著作権ページは見つからなかった。検索で出てきたのは別会社（小学館クリエイティブ）の無断転載禁止ポリシーで、HugKum にそのまま当てはまるとは確認できない。規約は unknown とする。ただし小学館グループなので、転載禁止の可能性は高いとみて扱う。段が強いので、標準形ではなくバリエーションの参考にとどめるのが妥当。","収集・検証ワークフロー（AI）"
"g-medium","4","3","http://www.yossy-hatake.com/style/girl-mid.html","よっしーの畑（子供の髪型・キッズカット）","2026-09-28","不明","はい","大人っぽい見た目だと書かれているが、段は低い位置だけなので現実的。同じページには、鎖骨丈で前が少し上がったラウンドボブの例もある","不明（サムネイル写真だけ。角度は未確認）","鎖骨（本文「鎖骨レングス」）","不明","不明","なし","—","段：少し（ローレイヤー） ／ 毛先：不明 ／ 顔まわり：顔まわりに段（本文「顔周りにレイヤー」） ／ 量：ふつう ／ 不明","未確定（規約ページなし、または禁止の明文が見つからない）","特徴調査の参考のみ（公開素材・生成元にしない）","年齢メモ：年齢の記載なし。キッズカットのページ ／ 根拠：ページの文章から（WebFetch）。写真は見ていない ／ 規約：「Copyright (c) 2008 All Rights Reserved」だけで、規約は見つからなかった ／ 検証：なし。鎖骨丈、ローレイヤー、顔まわりのレイヤー、大人っぽい見た目、は一致した。同じページに、鎖骨丈で前下がりのボブと、眉にかかる前髪のボブもある。 見られた。キッズカットのページで、記述は記録と一致した。規約ページは見つからず、unknown。写真は見ていない。","収集・検証ワークフロー（AI）"
"g-pattsunlong","1","3","https://www.chokkins.com/choki-tomo/4476/","こども専門美容室チョッキンズ（チョキ友）","2026-09-28","幼児","はい","子ども専門サロンの実例。カラー・パーマなし","不明（写真4枚あり。角度は未確認）","ロング（体のどこまでかは不明）","ぱっつん。本人の希望で短く切った（本文「ぱっつん前髪」）","不明","なし","—","段：なしと推定（段の記載はない） ／ 毛先：不明（さらさら、ツヤと記載） ／ 顔まわり：不明 ／ 量：不明 ／ ストレート、ツヤ（本文「天使の輪」）","未確定（規約ページなし、または禁止の明文が見つからない）","特徴調査の参考のみ（公開素材・生成元にしない）","年齢メモ：本文に6歳と記載 ／ 根拠：ページの文章から（WebFetch）。写真は見ていない ／ 規約：フッターは「© CHOKKIN'S All Rights Reserved.」だけで、規約の条項は未確認。子どもの名前は記録していない ／ 検証：layer の「なしと推定」は根拠のない推定なので「不明」に直す。本文で確認できるのは、6歳、ロング、ぱっつん前髪（本人が「もっと切って」と希望）、天使の輪が出るさらさらツヤツヤの髪、だけ。 見られた。本文と一致した。規約はチョッキンズ共通で unknown（/guideline/ に転載の条項なし）。写真は見ていない。","収集・検証ワークフロー（AI）"
"g-pattsunlong","2","3","https://www.chokkins.com/choki-tomo/4526/","こども専門美容室チョッキンズ（チョキ友）","2026-09-28","幼児","はい","ロングを整える目的で来店した子どもの実例","正面（ブラウザで1枚目の写真を見た）。ほかの角度は未確認","肩より下のロング（正面の写真で肩を越えている。胸かどうかは確かめられていない）","まゆ上。一直線にそろえる（はしが少し丸い）","かくす","なし","—","段：なし（正面から見て段は見えない） ／ 毛先：不明 ／ 顔まわり：段なし。横の髪はまっすぐ下りる ／ 量：ふつう ／ ストレート、さらさら。分け目なし","未確定（規約ページなし、または禁止の明文が見つからない）","特徴調査の参考のみ（公開素材・生成元にしない）","年齢メモ：ページに3歳と記載 ／ 根拠：正面の写真1枚をブラウザで実際に見た。ただし共用ブラウザがほかの処理で動いていたため、ほかの写真は同じページのものか確かめられなかった。文章は「ロングのメンテナンス」「さらさらロング」だけ ／ 規約：上と同じ ／ 検証：本文は、3歳、ロングのメンテナンス、さらさらロング、だけ。前髪・耳・段なし・分け目などは写真1枚からの観察だけが根拠。記録にもあるとおり、共用ブラウザの影響でその写真がこのページのものか確かめきれていないので、確度は低い。本文には「ぱっつん前髪」の語はない。そのため、ぱっつんロングの根拠としては弱い。 見られた。本文と矛盾はしない。ただし、ぱっつん前髪を文章で裏づけられないので、補助的な参考にとどめる。規約は unknown。この検証では写真を見ていない。","収集・検証ワークフロー（AI）"
"g-pattsunlong","3","3","https://www.biteki.com/hair/style/261969","美的.com（小学館）","2026-09-28","大人","はい","形の構造（胸までのストレート＋ぱっつん前髪＋ワンレングス）は子どもでも現実的。控える点：カラー（ベージュ、ピンク、ラベンダーなど）、パーマ・カール、シースルーバング、顔まわりの段","文章によるとSIDE・BACK表記のある例がある。実際には見ていない","胸〜胸下（一部セミロング）","まゆ上〜まゆ下。一直線にそろえる。薄め〜厚めまで幅がある。こめかみまでのワイドバングの例もある","不明","なし","—","段：なし（ワンレングス）〜少し。顔まわりに段を入れた例も多い ／ 毛先：まっすぐ切りそろえる／内に丸くおさまる ／ 顔まわり：段なし〜顔まわりに段 ／ 量：重め（「重めぱっつん前髪」の例） ／ ストレートの例とゆるいカールの例がある","未確定（規約ページなし、または禁止の明文が見つからない）","特徴調査の参考のみ（公開素材・生成元にしない）","年齢メモ：大人向けのヘアカタログ記事 ／ 根拠：ページの文章から（WebFetch）。写真は見ていない ／ 規約：転載禁止の記載は見つからなかったが、規約本体は未確認 ／ 検証：一致した（胸ラインのワンレングス、胸下、眉ギリギリ〜眉下〜オン眉の前髪、顔まわりのレイヤーの例、シースルー・厚め・パーマ・カール・ワイドバングの例）。付け加えると、「胸ラインでワンレングス」という例が、子ども向けの標準形（胸・段なし）に一番近い。 見られた。構造は記録と一致した。フッターに無断転載禁止の文言は見つからなかった。美的クラブ利用規約はあるが、サイト全体の転載・AI利用の条項は確認できていない。unknown とする。大人の例なので、カラー・パーマは控える点として正しく記録されている。","収集・検証ワークフロー（AI）"
"g-nobanglong","1","3","https://www.chokkins.com/choki-tomo/3570/","こども専門美容室チョッキンズ（チョキ友ブログ）","2026-09-28","小学生","はい","子どもの実例で、カットだけのストレートロング。控える点なし。本文には「量も減らして扱いやすく」とある","正面（2枚）、斜め前、後ろ","前は胸まで。後ろは肩甲骨の下あたり（背中の中ほど）まで","なし。前髪を伸ばし、中央付近で分けて顔の横へ下ろしている（写真が小さく分け目の位置の細部は不確実）","かくす","なし","—","段：なし〜ごく少し（見た目は一直線） ／ 毛先：まっすぐ。後ろはほぼ一直線で、わずかに丸い ／ 顔まわり：顔まわりは伸ばした前髪が段なしで下りているだけ（あごより下まで） ／ 量：ふつう（本文によると量を減らしている） ／ ストレートでツヤがある。分け目はセンター寄り","未確定（規約ページなし、または禁止の明文が見つからない）","特徴調査の参考のみ（公開素材・生成元にしない）","年齢メモ：本文に8才と記載 ／ 根拠：ブラウザで画像4枚を実際に見て確認。年齢と毛量は本文から ／ 規約：フッターは「© CHOKKIN'S All Rights Reserved.」だけで、利用規約・転載・AI利用の条項は見つからなかった。特徴調査の参考だけに使う ／ 検証：本文で確かめられたのは「8才」「ロング」「量も減らして扱いやすく」だけ。前髪・分け目・段・長さの細部は写真からの判断で、本文には書かれていない（写真は記録した担当の確認による。検証側では写真を見られなかった）。 ログインなしで見られる。年齢と毛量は本文と一致する。規約：フッターは©表記だけ。/guideline/（ご利用ガイドライン）と /attention/（撮影対応ポリシー）を確認したが、どちらも来店の注意や店内撮影・SNS投稿のルールで、サイト掲載物の転載・AI利用・機械収集についての条項はない。そのためunknown。","収集・検証ワークフロー（AI）"
"g-nobanglong","2","3","https://goochoki.com/haircatalog/2583/","こども専用カットサロン GooCHOKI（ヘアカタログ）","2026-09-28","小学生","はい","子ども専門サロンの例。控える点なし","正面、横、後ろ","前は胸。後ろは肩甲骨の下あたり","なし（ノーバング）。伸ばした前髪をやや横寄りで分け、ほお〜あごの横に下ろしている","かくす","なし","—","段：少し（顔まわりだけ） ／ 毛先：まっすぐ。後ろは軽く丸みがある ／ 顔まわり：顔まわりの毛がほお〜あごで自然に分かれて下りる（強い段ではない） ／ 量：ふつう ／ ストレートでツヤがある。分け目は少し横寄り","未確定（規約ページなし、または禁止の明文が見つからない）","特徴調査の参考のみ（公開素材・生成元にしない）","年齢メモ：カテゴリは「女の子6歳以上」。見た目は小学生くらい ／ 根拠：ブラウザで画像3枚を実際に見て確認。「フェイスラインにナチュラルさ」「ノーバング」は本文から ／ 規約：フッターは「© GooCHOKI All Rights Reserved.」だけで規約は確認できない。画像はchokkins.comに置かれており、チョッキンズの関連サイトとみられる（運営が同じ可能性が高い） ／ 検証：カテゴリの長さは「ミディアム・ロング」（ロングだけではない）。「6歳以上」「ノーバング」「フェイスラインにナチュラルさ」は本文と一致。運営はチョッキンズと同じ株式会社グー・チョキ・パーで、/guideline/ に社名が出ているので確定（「可能性が高い」ではない）。 到達でき、本文と一致する。/guideline/ に転載やAI利用の条項はない（従業員方針、営業時間、撮影ポリシーへのリンクだけ）。そのためunknown。","収集・検証ワークフロー（AI）"
"g-nobanglong","3","3","https://goochoki.com/haircatalog/2504/","こども専用カットサロン GooCHOKI（ヘアカタログ）","2026-09-28","小学生","はい","子ども専門サロンの例。控える点なし","正面、横（斜め）、後ろ","前も後ろも胸〜胸下","なし。センターで分けて、顔の横へまっすぐ下ろす","かくす","なし","—","段：少し（本文に「レイヤーは控えめ」とある） ／ 毛先：まっすぐ。横から見ると毛先はやや細く軽い ／ 顔まわり：段なし。顔の両側にまっすぐ下りる ／ 量：ふつう ／ まっすぐでツヤがある。センター分け","未確定（規約ページなし、または禁止の明文が見つからない）","特徴調査の参考のみ（公開素材・生成元にしない）","年齢メモ：カテゴリは「女の子6歳以上」 ／ 根拠：ブラウザで画像3枚を実際に見て確認。レイヤーが控えめなことは本文から ／ 規約：規約は確認できない（©表記だけ）。チョッキンズ関連サイト ／ 検証：カテゴリの長さは「ミディアム・ロング」。「ノーバング」「レイヤー控えめ」「6歳以上」は本文と一致。 到達でき、本文と一致する。規約は1件目・2件目と同じ運営のガイドラインだけで、該当の条項はない。","収集・検証ワークフロー（AI）"
"g-nobanglong","4","3","https://www.chokkins.com/choki-tomo/1183/","こども専門美容室チョッキンズ（チョキ友ブログ）","2026-09-28","幼児","はい","子どもの実例。控える点なし。1件目と同じサイト","正面（2枚）、横（斜め）、後ろ","前は胸。後ろは背中の中ほど","なし。伸ばしている途中の前髪を分けて、あごの横まで下ろす（本文に「伸ばし中の前髪を生かして」とある）","かくす","なし","—","段：なし ／ 毛先：まっすぐに切りそろえ、後ろはほぼ一直線 ／ 顔まわり：段なし。伸ばした前髪があごの横に下りる ／ 量：重め〜ふつう ／ ストレートで黒髪、ツヤがある。分け目はセンター寄り","未確定（規約ページなし、または禁止の明文が見つからない）","特徴調査の参考のみ（公開素材・生成元にしない）","年齢メモ：本文に5歳と記載 ／ 根拠：ブラウザで画像4枚を実際に見て確認 ／ 規約：1件目と同じ（規約の条項は確認できない） ／ 検証：なし（5歳、「伸ばし中の前髪を生かして大人ロングに」は本文と一致）。 到達でき、本文と一致する。幼児の例だが、形の参考としては使える。規約は1件目と同じ。","収集・検証ワークフロー（AI）"
"g-layerlong","1","3","https://www.chokkins.com/choki-tomo/4525/","こども専門美容室チョッキンズ（チョキ友ブログ）","2026-09-28","小学生","はい","子どもの実例。本文では「大人っぽいスタイルにしたいお友達におすすめ」とされている。段を強くしすぎず、ウルフのような首まわりのくびれは作らない","正面（2枚）、横、斜め後ろ、後ろの寄り（毛先の質感）","肩より下〜胸の上（鎖骨の下あたり）","なし。前髪を伸ばし、センターより少し横で分けている","かくす","なし","—","段：しっかり（本文に「あご下からレイヤー」とある） ／ 毛先：軽く不ぞろいで、少し内に丸くおさまる ／ 顔まわり：顔まわりに段がある。いちばん短い毛はあご下で、そこから毛先へ向かって長くなる ／ 量：軽め ／ ストレートで、段のぶん毛先に動きがある。後ろの寄り写真では毛先がややうねって見える","未確定（規約ページなし、または禁止の明文が見つからない）","特徴調査の参考のみ（公開素材・生成元にしない）","年齢メモ：本文に6歳と記載（小学1年生くらい） ／ 根拠：ブラウザで画像5枚を実際に見て確認。段があご下から入ることは本文から ／ 規約：フッターは©表記だけで、利用規約・転載・AI利用の条項は見つからなかった。特徴調査の参考だけに使う ／ 検証：本文と一致する（6歳、「あご下からレイヤーを入れた動きのあるスタイル」「大人っぽいスタイルにしたいお友達におすすめ」、カテゴリは女の子ロング）。6歳は小学1年生か就学前のどちらもありうるので、sourceAgeNoteの「小学1年生くらい」は推測。検証側では、画像が遅れて読み込まれるため写真を見られなかった。 到達でき、本文と一致する。規約はチョッキンズの /guideline/ と /attention/ を確認したが、転載・AI利用・機械収集の条項はなく、unknown。","収集・検証ワークフロー（AI）"
"g-layerlong","2","3","https://goochoki.com/haircatalog/3045/","こども専用カットサロン GooCHOKI（ヘアカタログ）","2026-09-28","小学生","はい","子ども専門サロンの例。控える点なし。ただし長さはミディアム寄り","正面、横（左右2枚）","肩より少し下（鎖骨）","なし（本文に「ノーバング」とある）。横で分けている","不明（横の写真では耳の前に毛が下り、耳は一部しか見えない）","なし","—","段：少し〜しっかり（顔まわりが中心） ／ 毛先：軽く不ぞろいで、少し外にはねる ／ 顔まわり：顔まわりに段がある。短い毛はあごの高さで、顔の横に沿う ／ 量：ふつう〜軽め ／ ストレートで、分け目は横寄り","未確定（規約ページなし、または禁止の明文が見つからない）","特徴調査の参考のみ（公開素材・生成元にしない）","年齢メモ：カテゴリは「女の子6歳以上」。見た目は小学校低〜中学年 ／ 根拠：ブラウザで画像3枚を実際に見て確認。「ノーバングの顔周りレイヤー」は本文から ／ 規約：規約は確認できない（©表記だけ）。チョッキンズ関連サイト ／ 検証：タイトルは「ミディアムレイヤー」で、正面写真（検証側でも確認）では毛先は肩の少し下〜鎖骨。前髪なし、横分けで、あごの高さに顔まわりの段がある点は一致する。ただしこれはロングではなくミディアムの長さなので、ロングの長さの根拠には使えない。顔まわりの段の入り方の参考にとどめる。 到達でき、特徴は記録どおり。規約は同じ運営のガイドラインだけで、unknown。長さがミディアムなので、ミディアムとの見分けがあいまいになるおそれに注意する。","収集・検証ワークフロー（AI）"
"g-layerlong","3","3","https://nakagiri-ririi.jp/style/detail/with-elementary-school-students./","リリー美容室（北区）","2026-09-28","小学生","はい","小学生の実例。控える点なし","正面（顔はうちわで隠れている）、横、斜め後ろ","肩より少し下（鎖骨）","不明（顔が隠れている。前髪がないように見えるが確かではない）","かくす","なし","—","段：しっかり（本文に「表面と顔周りに段」とある） ／ 毛先：軽く不ぞろいで、少し外にはねる部分がある ／ 顔まわり：顔まわりに段があり、短い毛があごのあたりで動く ／ 量：軽め（本文に「毛量が調整される」とある） ／ 黒髪のストレートで、表面の段のぶん丸みと動きがある","未確定（規約ページなし、または禁止の明文が見つからない）","特徴調査の参考のみ（公開素材・生成元にしない）","年齢メモ：本文で小学生のお客さまとされている ／ 根拠：ブラウザで画像3枚を実際に見て確認。段の位置は本文から ／ 規約：ページで利用規約・転載禁止の記述は見つからなかった ／ 検証：本文と一致する（「全体的な長さはキープしつつ、表面と顔周りに段」）。前髪は不明のまま。長さ（鎖骨）は写真からの判断で、本文には書かれていない。 到達できる。フッターは©表記。/privacy/ にも転載・AI利用・機械収集の禁止はなく、利用規約のページは見つからないのでunknown。運営の違う唯一の情報源として大事。","収集・検証ワークフロー（AI）"
"g-layerlong","4","3","https://goochoki.com/haircatalog/3026/","こども専用カットサロン GooCHOKI（ヘアカタログ）","2026-09-28","小学生","はい","子ども専門サロンの例。控える点なし。前髪ありにする場合の参考","正面（2枚）、横（斜め）","胸","まゆ上で、一直線にそろえる（ぱっつん）","かくす","なし","—","段：少し〜しっかり（顔まわり） ／ 毛先：軽く不ぞろいで、少し外にはねる ／ 顔まわり：前髪の横から、あご〜肩にかけて段になった顔まわりの毛が下りる ／ 量：ふつう ／ ストレート","未確定（規約ページなし、または禁止の明文が見つからない）","特徴調査の参考のみ（公開素材・生成元にしない）","年齢メモ：カテゴリは「女の子6歳以上」 ／ 根拠：ブラウザで画像4枚を実際に見て確認（本文の説明はない） ／ 規約：規約は確認できない（©表記だけ）。チョッキンズ関連サイト ／ 検証：本文に説明はなく、カテゴリは「6歳以上」「ミディアム・ロング」「レイヤー」だけ。前髪がぱっつん、胸の長さという点は写真からの判断で、検証側では画像を見られず確かめていない。 到達でき、カテゴリ（ロング寄り・レイヤー）と矛盾はない。規約はunknown。","収集・検証ワークフロー（AI）"
